[
 {
   "JobID": 60617,
   "JobName": "Waiter",
   "JobDescription": "Greet customers, take orders, serving food and drinks"
 },
 {
   "JobID": 60618,
   "JobName": "Cook",
   "JobDescription": "Prepare food for customers"
 },
 {
   "JobID": 60619,
   "JobName": "Cashier",
   "JobDescription": "Great customers, charge customers for their orders"
 },
 {
   "JobID": 60620,
   "JobName": "Housekeeping",
   "JobDescription": "Clean rooms while guests are out"
 },
 {
   "JobID": 60621,
   "JobName": "Pool Cleaner",
   "JobDescription": "Cleans pool after hours"
 },
 {
   "JobID": 60622,
   "JobName": "Janitor",
   "JobDescription": "Cleans everywhere outside of the hotel rooms within the hotel itself"
 },
 {
   "JobID": 60623,
   "JobName": "Laundry Attendant",
   "JobDescription": "In charge of washing sheets and other machine-washable items found in a room"
 },
 {
   "JobID": 60624,
   "JobName": "Receptionist",
   "JobDescription": "Checks in customers, answers phone calls, and makes reservations"
 },
 {
   "JobID": 60625,
   "JobName": "Night Auditor",
   "JobDescription": "Keeps track of all cashier transactions for the day and compiles them into reports"
 },
 {
   "JobID": 60626,
   "JobName": "Local Attractions Specialist",
   "JobDescription": "Informs customers of local attractions, restaurants, etc."
 },
 {
   "JobID": 60627,
   "JobName": "Accountant",
   "JobDescription": "Enter data, generate reports"
 },
 {
   "JobID": 60628,
   "JobName": "Recruiter",
   "JobDescription": "In charge of hiring new staff"
 },
 {
   "JobID": 60629,
   "JobName": "Customer Support",
   "JobDescription": "Answers any questions a customer may have and works on finding solutions for problems customers have"
 },
 {
   "JobID": 60630,
   "JobName": "Assistant",
   "JobDescription": "Provides administrative support to the HR manager"
 },
 {
   "JobID": 60631,
   "JobName": "Lifeguard",
   "JobDescription": "Ensures the pool environment is safe for all customers"
 },
 {
   "JobID": 60632,
   "JobName": "Yoga Instructor",
   "JobDescription": "Leads classes in yoga"
 }
]