JobID	JobName	JobDescription
60617	Waiter	Greet customers, take orders, serving food and drinks
60618	Cook	Prepare food for customers
60619	Cashier	Great customers, charge customers for their orders
60620	Housekeeping	Clean rooms while guests are out
60621	Pool Cleaner	Cleans pool after hours
60622	Janitor	Cleans everywhere outside of the hotel rooms within the hotel itself
60623	Laundry Attendant	In charge of washing sheets and other machine-washable items found in a room
60624	Receptionist	Checks in customers, answers phone calls, and makes reservations
60625	Night Auditor	Keeps track of all cashier transactions for the day and compiles them into reports
60626	Local Attractions Specialist	Informs customers of local attractions, restaurants, etc.
60627	Accountant	Enter data, generate reports
60628	Recruiter	In charge of hiring new staff
60629	Customer Support	Answers any questions a customer may have and works on finding solutions for problems customers have
60630	Assistant	Provides administrative support to the HR manager
60631	Lifeguard	Ensures the pool environment is safe for all customers
60632	Yoga Instructor	Leads classes in yoga