DepartmentID,DepartmentName,DepartmentDescription
910001,Cleaning,Cleans up hotel rooms as well as around the hotel
910002,Front Desk,"Checks in customers, makes reservations, answers any questions about the hotel the customer might have"
910003,Accounting,Keeps up the finances of the hotel. Keeps records of all transactions that go through the hotel and generates reports based on those records
910004,Human Resources,"Manages, plans, and supervises administrative functions of the hotel"
910005,Dining,Prepares meals for customers
910006,Recreation,Assists with and leads recreational activities offered