"2347","Mary","Jones","maryjane@yahoo.com","104","1"
"2356","Jennifer","Miller","jennifill123@gmail.com","107","0"
"2357","Anthony","Young","younganth321@yahoo.com","210","0"
"2361","Joseph","Thomas","jthoms420@gmail.com","202","0"
"2635","Richard","Anderson","randerson@yahoo.com","201","1"
"3443","Michael","Davis","mikedave@hotmail.com","106","0"
"3454","Jessica","Martin","jessmua69@yahoo.com","206","0"
"4523","James","Smith","james345@gmail.com","101","0"
"5225","Patricia","Brown","Pattybrown00@gmail.com","105","0"
"5437","Daniel","Garcia","danisaG@hotmail.com","208","1"
"5622","Linda","Wilson","WilsonL8@yahoo.com","108","0"
"6832","Barbara","Jackson","jackbar360@gmail.com","203","0"
"6853","William","Moore","morewill10@yahoo.com","109","0"
"7523","Robert","Williams","robwill@yahoo.com","103","1"
"7633","Thomas","White","thomsthewhite54@gmail.com","204","0"
"7653","Karen","Thompson","thompskar2020@gmail.com","207","0"
"8247","John","Johnson","johnsonJJ@hotmail.com","102","1"
"8454","Susan","Harris","harriss20@hotmail.com","205","0"
"9236","Lisa","Lee","leelee@hotmail.com","209","0"
"9345","David","Taylor","daytay11@hotmail.com","110","0"
